[
  {
    "title": "Chuyên viên tư vấn đầu tư chứng khoán (MỚI)",
    "company": "công ty cổ phần chứng khoán VPS",
    "location": "Hồ Chí Minh",
    "salary": "Lương: 20 Tr - 25 Tr VND",
    "link": "https://careerviet.vn/vi/tim-viec-lam/chuyen-vien-tu-van-dau-tu-chung-khoan.35C62DBE.html",
    "logo": "https://static.careerviet.vn/themes/kiemviecv32/images/graphics/blank.gif"
  },
  {
    "title": "Chuyên viên, Chuyên viên cao cấp Quản trị rủi ro gian lận - Khối Quản trị rủi ro (HO25.524) (MỚI)",
    "company": "Ngân Hàng TMCP Quân Đội",
    "location": "Hà Nội",
    "salary": "Lương: Cạnh tranh",
    "link": "https://careerviet.vn/vi/tim-viec-lam/chuyen-vien-chuyen-vien-cao-cap-quan-tri-rui-ro-gian-lan-khoi-quan-tri-rui-ro-ho25-524.35C62DBC.html",
    "logo": "https://static.careerviet.vn/themes/kiemviecv32/images/graphics/blank.gif"
  },
  {
    "title": "Chuyên viên Phòng chống rửa tiền - Anti Money Laundering Specialist - Khối Quản trị rủi ro (HO25.525) (MỚI)",
    "company": "Ngân Hàng TMCP Quân Đội",
    "location": "Hà Nội",
    "salary": "Lương: Cạnh tranh",
    "link": "https://careerviet.vn/vi/tim-viec-lam/chuyen-vien-phong-chong-rua-tien-anti-money-laundering-specialist-khoi-quan-tri-rui-ro-ho25-525.35C62DBD.html",
    "logo": "https://static.careerviet.vn/themes/kiemviecv32/images/graphics/blank.gif"
  },
  {
    "title": "Chuyên viên - Phòng Thanh toán - Khối Vận hành (HO25.526) (MỚI)",
    "company": "Ngân Hàng TMCP Quân Đội",
    "location": "Hà Nội",
    "salary": "Lương: Cạnh tranh",
    "link": "https://careerviet.vn/vi/tim-viec-lam/chuyen-vien-phong-thanh-toan-khoi-van-hanh-ho25-526.35C62DB6.html",
    "logo": "https://static.careerviet.vn/themes/kiemviecv32/images/graphics/blank.gif"
  },
  {
    "title": "Data Engineer - Khối Công nghệ thông tin (HO25.504) (MỚI)",
    "company": "Ngân Hàng TMCP Quân Đội",
    "location": "Hà Nội",
    "salary": "Lương: Cạnh tranh",
    "link": "https://careerviet.vn/vi/tim-viec-lam/data-engineer-khoi-cong-nghe-thong-tin-ho25-504.35C62DB7.html",
    "logo": "https://static.careerviet.vn/themes/kiemviecv32/images/graphics/blank.gif"
  },
  {
    "title": "Kỹ sư phát triển giải pháp Oracle - Database Developer - Khối Công nghệ thông tin (HO25.505) (MỚI)",
    "company": "Ngân Hàng TMCP Quân Đội",
    "location": "Hà Nội",
    "salary": "Lương: Cạnh tranh",
    "link": "https://careerviet.vn/vi/tim-viec-lam/ky-su-phat-trien-giai-phap-oracle-database-developer-khoi-cong-nghe-thong-tin-ho25-505.35C62DB8.html",
    "logo": "https://static.careerviet.vn/themes/kiemviecv32/images/graphics/blank.gif"
  },
  {
    "title": "Quản lý Dự án (PM) (MỚI)",
    "company": "Công ty TNHH Thiết kế nội thất & Xây dựng SIO",
    "location": "Hồ Chí Minh",
    "salary": "Lương: 18 Tr - 22 Tr VND",
    "link": "https://careerviet.vn/vi/tim-viec-lam/quan-ly-du-an-pm.35C62B66.html",
    "logo": "https://static.careerviet.vn/themes/kiemviecv32/images/graphics/blank.gif"
  },
  {
    "title": "CHUYÊN VIÊN DIGITAL MARKETING",
    "company": "VDSC - Công ty CP Chứng khoán Rồng Việt",
    "location": "Hồ Chí Minh",
    "salary": "Lương: 12 Tr - 17 Tr VND",
    "link": "https://careerviet.vn/vi/tim-viec-lam/chuyen-vien-digital-marketing.35C5F383.html",
    "logo": "https://static.careerviet.vn/themes/kiemviecv32/images/graphics/blank.gif"
  },
  {
    "title": "Kế toán Thuế – Trưởng nhóm/ Tax Accountant – Team Leader (MỚI)",
    "company": "CÔNG TY TNHH BILLION VIETNAM HOLDING",
    "location": "Hồ Chí Minh",
    "salary": "Lương: Cạnh tranh",
    "link": "https://careerviet.vn/vi/tim-viec-lam/ke-toan-thue-truong-nhom-tax-accountant-team-leader.35C62DA9.html",
    "logo": "https://static.careerviet.vn/themes/kiemviecv32/images/graphics/blank.gif"
  },
  {
    "title": "Giám đốc dự án Bất động sản (MỚI)",
    "company": "CÔNG TY CỔ PHẦN ĐẦU TƯ VÀ KINH DOANH BẤT ĐỘNG SẢN MAINLAND",
    "location": "Hà Nội",
    "salary": "Lương: 10 Tr - 20 Tr VND",
    "link": "https://careerviet.vn/vi/tim-viec-lam/giam-doc-du-an-bat-dong-san.35C62DA5.html",
    "logo": "https://static.careerviet.vn/themes/kiemviecv32/images/graphics/blank.gif"
  },
  {
    "title": "Marketing Manager (MỚI)",
    "company": "Công Ty NABATI Việt Nam",
    "location": "Hồ Chí Minh",
    "salary": "Lương: Cạnh tranh",
    "link": "https://careerviet.vn/vi/tim-viec-lam/marketing-manager.35C62DA1.html",
    "logo": "https://static.careerviet.vn/themes/kiemviecv32/images/graphics/blank.gif"
  },
  {
    "title": "Vietnam Operations Manager (MỚI)",
    "company": "Công Ty TNHH MTV Jordan Manufacturing Việt Nam",
    "location": "Long An",
    "salary": "Lương: Cạnh tranh",
    "link": "https://careerviet.vn/vi/tim-viec-lam/vietnam-operations-manager.35C62D17.html",
    "logo": "https://static.careerviet.vn/themes/kiemviecv32/images/graphics/blank.gif"
  },
  {
    "title": "Chuyên Viên Kinh Doanh Dự Án (MỚI)",
    "company": "Công ty TNHH Cơ Điện Lạnh EEP Việt Nam",
    "location": "Hà Nội",
    "salary": "Lương: 12 Tr - 15 Tr VND",
    "link": "https://careerviet.vn/vi/tim-viec-lam/chuyen-vien-kinh-doanh-du-an.35C62D8C.html",
    "logo": "https://static.careerviet.vn/themes/kiemviecv32/images/graphics/blank.gif"
  },
  {
    "title": "Garment Merchandiser /Nhân viên theo dõi đơn hàng (MỚI)",
    "company": "CÔNG TY TNHH NOBLAND VIỆT NAM",
    "location": "Hồ Chí Minh",
    "salary": "Lương: 11 Tr - 30 Tr VND",
    "link": "https://careerviet.vn/vi/tim-viec-lam/garment-merchandiser-nhan-vien-theo-doi-don-hang.35C62D7E.html",
    "logo": "https://static.careerviet.vn/themes/kiemviecv32/images/graphics/blank.gif"
  },
  {
    "title": "Chuyên viên kinh doanh quốc tế (MỚI)",
    "company": "Công ty cổ phần văn phòng phẩm Hồng Hà",
    "location": "Hà Nội",
    "salary": "Lương: 12 Tr - 20 Tr VND",
    "link": "https://careerviet.vn/vi/tim-viec-lam/chuyen-vien-kinh-doanh-quoc-te.35C62D73.html",
    "logo": "https://static.careerviet.vn/themes/kiemviecv32/images/graphics/blank.gif"
  },
  {
    "title": "Trưởng Phòng Kinh Doanh (MỚI)",
    "company": "CÔNG TY TNHH MỘT THÀNH VIÊN SÀN GIAO DỊCH BẤT ĐỘNG SẢN NAM LONG",
    "location": "Hồ Chí Minh",
    "salary": "Lương: Cạnh tranh",
    "link": "https://careerviet.vn/vi/tim-viec-lam/truong-phong-kinh-doanh.35C62D7A.html",
    "logo": "https://static.careerviet.vn/themes/kiemviecv32/images/graphics/blank.gif"
  },
  {
    "title": "KẾ TOÁN DỰ ÁN (PROJECT ACCOUNTANT) (MỚI)",
    "company": "AKI DESIGN",
    "location": "Hồ Chí Minh",
    "salary": "Lương: 15 Tr - 20 Tr VND",
    "link": "https://careerviet.vn/vi/tim-viec-lam/ke-toan-du-an-project-accountant.35C62D77.html",
    "logo": "https://static.careerviet.vn/themes/kiemviecv32/images/graphics/blank.gif"
  },
  {
    "title": "Kỹ thuật viên bảo trì Thang máy, Thang cuốn - Hà Nội, Bắc Giang, Tp. Hồ Chí Minh (MỚI)",
    "company": "CÔNG TY TNHH HYUNDAI ELEVATOR VIỆT NAM",
    "location": "Hà Nội\nBắc Giang\nHồ Chí Minh",
    "salary": "Lương: Cạnh tranh",
    "link": "https://careerviet.vn/vi/tim-viec-lam/ky-thuat-vien-bao-tri-thang-may-thang-cuon-ha-noi-bac-giang-tp-ho-chi-minh.35C62D5D.html",
    "logo": "https://static.careerviet.vn/themes/kiemviecv32/images/graphics/blank.gif"
  },
  {
    "title": "Talent & Organizational Excellence Manager (MỚI)",
    "company": "Suzuki Vietnam",
    "location": "Đồng Nai",
    "salary": "Lương: Cạnh tranh",
    "link": "https://careerviet.vn/vi/tim-viec-lam/talent-organizational-excellence-manager.35C62D76.html",
    "logo": "https://static.careerviet.vn/themes/kiemviecv32/images/graphics/blank.gif"
  },
  {
    "title": "Giao Dịch Viên – Phòng Giao dịch Hùng Vương - Chi nhánh Đà Nẵng (MỚI)",
    "company": "Indovina Bank Ltd.",
    "location": "Đà Nẵng",
    "salary": "Lương: Cạnh tranh",
    "link": "https://careerviet.vn/vi/tim-viec-lam/giao-dich-vien-phong-giao-dich-hung-vuong-chi-nhanh-da-nang.35C62D6F.html",
    "logo": "https://static.careerviet.vn/themes/kiemviecv32/images/graphics/blank.gif"
  },
  {
    "title": "Trợ Lý Kiểm Toán(MỚI)",
    "company": "Công ty TNHH Kiểm Toán Tư Vấn Sáng Lập Á Châu",
    "location": "Hồ Chí Minh",
    "salary": "Lương: Cạnh Tranh",
    "link": "https://careerviet.vn/vi/tim-viec-lam/tro-ly-kiem-toan.35C62D69.html",
    "logo": "https://static.careerviet.vn/themes/kiemviecv32/images/graphics/blank.gif"
  },
  {
    "title": "Phó phòng Kỹ thuật (Chăn nuôi)",
    "company": "Công ty Cổ Phần Thực Phẩm Vĩnh Tân",
    "location": "Hồ Chí Minh",
    "salary": "Lương: Cạnh Tranh",
    "link": "https://careerviet.vn/vi/tim-viec-lam/pho-phong-ky-thuat-chan-nuoi.35C623D8.html",
    "logo": "https://static.careerviet.vn/themes/kiemviecv32/images/graphics/blank.gif"
  },
  {
    "title": "Chuyên Viên Kinh Doanh Quốc Tế(MỚI)",
    "company": "Công Ty Cổ Phần Đầu Tư Sản Xuất Thương Mại Tín An",
    "location": "Bình Dương",
    "salary": "Lương: 15 Tr - 20 Tr VND",
    "link": "https://careerviet.vn/vi/tim-viec-lam/chuyen-vien-kinh-doanh-quoc-te.35C62D51.html",
    "logo": "https://static.careerviet.vn/themes/kiemviecv32/images/graphics/blank.gif"
  },
  {
    "title": "QC(MỚI)",
    "company": "CÔNG TY TNHH ROCK WOOL KHẢI HOÀN",
    "location": "Long An",
    "salary": "Lương: Cạnh Tranh",
    "link": "https://careerviet.vn/vi/tim-viec-lam/qc.35C62CE4.html",
    "logo": "https://static.careerviet.vn/themes/kiemviecv32/images/graphics/blank.gif"
  },
  {
    "title": "[San Fu Lou AB Tower & Sorae & Sens] Quản lý nhà hàng(MỚI)",
    "company": "D1 Concepts Corporation",
    "location": "Hồ Chí Minh",
    "salary": "Lương: 15 Tr - 30 Tr VND",
    "link": "https://careerviet.vn/vi/tim-viec-lam/san-fu-lou-ab-tower-sorae-sens-quan-ly-nha-hang.35C62D49.html",
    "logo": "https://static.careerviet.vn/themes/kiemviecv32/images/graphics/blank.gif"
  },
  {
    "title": "Production Supervisor Pharmaceutical Plant VSIP1(MỚI)",
    "company": "Abbott",
    "location": "Bình Dương",
    "salary": "Lương: Cạnh Tranh",
    "link": "https://careerviet.vn/vi/tim-viec-lam/production-supervisor-pharmaceutical-plant-vsip1.35C62D46.html",
    "logo": "https://static.careerviet.vn/themes/kiemviecv32/images/graphics/blank.gif"
  },
  {
    "title": "Giám Đốc Bộ Phận Quan Hệ Khách Hàng Doanh Nghiệp – MSME (Toàn Quốc)(MỚI)",
    "company": "Ngân Hàng TMCP Phương Đông - OCB",
    "location": "Hồ Chí Minh",
    "salary": "Lương: Cạnh Tranh",
    "link": "https://careerviet.vn/vi/tim-viec-lam/giam-doc-bo-phan-quan-he-khach-hang-doanh-nghiep-msme-toan-quoc.35C62D44.html",
    "logo": "https://static.careerviet.vn/themes/kiemviecv32/images/graphics/blank.gif"
  },
  {
    "title": "Chuyên viên lập trình ABAP(MỚI)",
    "company": "Công ty Cổ phần Nông nghiệp BAF Việt Nam",
    "location": "Hồ Chí Minh",
    "salary": "Lương: Cạnh Tranh",
    "link": "https://careerviet.vn/vi/tim-viec-lam/chuyen-vien-lap-trinh-abap.35C62D3B.html",
    "logo": "https://static.careerviet.vn/themes/kiemviecv32/images/graphics/blank.gif"
  },
  {
    "title": "Phó Nhóm Thiết kế Kết Cấu(MỚI)",
    "company": "Công ty CP Kiến Trúc Xây Dựng Đất Thủ",
    "location": "Bình Dương\nHồ Chí Minh\nĐồng Nai",
    "salary": "Lương: 17 Tr - 18 Tr VND",
    "link": "https://careerviet.vn/vi/tim-viec-lam/pho-nhom-thiet-ke-ket-cau.35C62D3F.html",
    "logo": "https://static.careerviet.vn/themes/kiemviecv32/images/graphics/blank.gif"
  },
  {
    "title": "Chuyên Viên Lương - Phúc Lợi(MỚI)",
    "company": "Hoang Duc Pharmaceutical & Medical Supplies co, Ltd.",
    "location": "Hồ Chí Minh",
    "salary": "Lương: 13 Tr - 15 Tr VND",
    "link": "https://careerviet.vn/vi/tim-viec-lam/chuyen-vien-luong-phuc-loi.35C62D3D.html",
    "logo": "https://static.careerviet.vn/themes/kiemviecv32/images/graphics/blank.gif"
  },
  {
    "title": "Nhân viên quản lý kênh bán hàng online (E-commerce Product officer)(MỚI)",
    "company": "Công ty TNHH Ngôi Nhà Châu Âu (Việt Nam)",
    "location": "Hồ Chí Minh",
    "salary": "Lương: Cạnh Tranh",
    "link": "https://careerviet.vn/vi/tim-viec-lam/nhan-vien-quan-ly-kenh-ban-hang-online-e-commerce-product-officer.35C62D34.html",
    "logo": "https://static.careerviet.vn/themes/kiemviecv32/images/graphics/blank.gif"
  },
  {
    "title": "Chuyên Viên Quan Hệ Khách Hàng Doanh Nghiệp - MSME(MỚI)",
    "company": "Ngân Hàng TMCP Phương Đông - OCB",
    "location": "Hồ Chí Minh",
    "salary": "Lương: Cạnh Tranh",
    "link": "https://careerviet.vn/vi/tim-viec-lam/chuyen-vien-quan-he-khach-hang-doanh-nghiep-msme.35C62D35.html",
    "logo": "https://static.careerviet.vn/themes/kiemviecv32/images/graphics/blank.gif"
  },
  {
    "title": "E-commerce Executive(MỚI)",
    "company": "Levents Global",
    "location": "Hồ Chí Minh",
    "salary": "Lương: Cạnh Tranh",
    "link": "https://careerviet.vn/vi/tim-viec-lam/e-commerce-executive.35C62D27.html",
    "logo": "https://static.careerviet.vn/themes/kiemviecv32/images/graphics/blank.gif"
  },
  {
    "title": "Nhân Viên Hỗ Trợ Kinh Doanh (Sale Admin)(MỚI)",
    "company": "Công ty TNHH Ngôi Nhà Châu Âu (Việt Nam)",
    "location": "Hồ Chí Minh",
    "salary": "Lương: Cạnh Tranh",
    "link": "https://careerviet.vn/vi/tim-viec-lam/nhan-vien-ho-tro-kinh-doanh-sale-admin.35C62BE7.html",
    "logo": "https://static.careerviet.vn/themes/kiemviecv32/images/graphics/blank.gif"
  },
  {
    "title": "Financial Control Manager(MỚI)",
    "company": "BETRIMEX - Công Ty Cổ Phần Xuất Nhập Khẩu Bến Tre",
    "location": "Hồ Chí Minh",
    "salary": "Lương: Cạnh Tranh",
    "link": "https://careerviet.vn/vi/tim-viec-lam/financial-control-manager.35C62D29.html",
    "logo": "https://static.careerviet.vn/themes/kiemviecv32/images/graphics/blank.gif"
  },
  {
    "title": "Kế Toán(MỚI)",
    "company": "Công ty TNHH Ngôi Nhà Châu Âu (Việt Nam)",
    "location": "Hồ Chí Minh",
    "salary": "Lương: Cạnh Tranh",
    "link": "https://careerviet.vn/vi/tim-viec-lam/ke-toan.35C62BE9.html",
    "logo": "https://static.careerviet.vn/themes/kiemviecv32/images/graphics/blank.gif"
  },
  {
    "title": "E-commerce Team Leader(MỚI)",
    "company": "Công Ty Avanti - Group",
    "location": "Hồ Chí Minh",
    "salary": "Lương: Cạnh Tranh",
    "link": "https://careerviet.vn/vi/tim-viec-lam/e-commerce-team-leader.35C62D0F.html",
    "logo": "https://static.careerviet.vn/themes/kiemviecv32/images/graphics/blank.gif"
  },
  {
    "title": "Nhân sự(MỚI)",
    "company": "Công ty TNHH Ngôi Nhà Châu Âu (Việt Nam)",
    "location": "Hồ Chí Minh",
    "salary": "Lương: Cạnh Tranh",
    "link": "https://careerviet.vn/vi/tim-viec-lam/nhan-su.35C62C3E.html",
    "logo": "https://static.careerviet.vn/themes/kiemviecv32/images/graphics/blank.gif"
  },
  {
    "title": "Livestream Team Leader(MỚI)",
    "company": "Vascara Group",
    "location": "Hồ Chí Minh",
    "salary": "Lương: Cạnh Tranh",
    "link": "https://careerviet.vn/vi/tim-viec-lam/livestream-team-leader.35C62D20.html",
    "logo": "https://static.careerviet.vn/themes/kiemviecv32/images/graphics/blank.gif"
  },
  {
    "title": "IT Helpdesk (F&B | Retail)(MỚI)",
    "company": "CÔNG TY TNHH DỊCH VỤ THỰC PHẨM VÀ GIẢI KHÁT VIỆT NAM VFBS",
    "location": "Hồ Chí Minh",
    "salary": "Lương: Cạnh Tranh",
    "link": "https://careerviet.vn/vi/tim-viec-lam/it-helpdesk-f-b-retail.35C62CD3.html",
    "logo": "https://static.careerviet.vn/themes/kiemviecv32/images/graphics/blank.gif"
  },
  {
    "title": "Chuyên viên Điều phối Đào tạo(MỚI)",
    "company": "HD SAISON Finance Co., Ltd",
    "location": "Hồ Chí Minh",
    "salary": "Lương: Cạnh Tranh",
    "link": "https://careerviet.vn/vi/tim-viec-lam/chuyen-vien-dieu-phoi-dao-tao.35C62CF0.html",
    "logo": "https://static.careerviet.vn/themes/kiemviecv32/images/graphics/blank.gif"
  },
  {
    "title": "E-Commerce Manager (TikTok-focused)(MỚI)",
    "company": "CÔNG TY TNHH AIRR LABS (VIỆT NAM)",
    "location": "Hồ Chí Minh",
    "salary": "Lương: Cạnh Tranh",
    "link": "https://careerviet.vn/vi/tim-viec-lam/e-commerce-manager-tiktok-focused.35C62CF7.html",
    "logo": "https://static.careerviet.vn/themes/kiemviecv32/images/graphics/blank.gif"
  },
  {
    "title": "Chuyên viên Thu ngân - Vinmec Phú Quốc(MỚI)",
    "company": "Công ty CP Bệnh Viện Đa Khoa Quốc Tế Vinmec",
    "location": "Kiên Giang",
    "salary": "Lương: Cạnh Tranh",
    "link": "https://careerviet.vn/vi/tim-viec-lam/chuyen-vien-thu-ngan-vinmec-phu-quoc.35C62D0E.html",
    "logo": "https://static.careerviet.vn/themes/kiemviecv32/images/graphics/blank.gif"
  },
  {
    "title": "Chuyên viên Kế toán - Vinmec Phú Quốc(MỚI)",
    "company": "Công ty CP Bệnh Viện Đa Khoa Quốc Tế Vinmec",
    "location": "Kiên Giang",
    "salary": "Lương: Cạnh Tranh",
    "link": "https://careerviet.vn/vi/tim-viec-lam/chuyen-vien-ke-toan-vinmec-phu-quoc.35C62D0A.html",
    "logo": "https://static.careerviet.vn/themes/kiemviecv32/images/graphics/blank.gif"
  },
  {
    "title": "Kế Toán Viên(MỚI)",
    "company": "Trung Tâm Nghiên Cứu Phát Triển Thương Hiệu Việt",
    "location": "Hồ Chí Minh",
    "salary": "Lương: 10 Tr - 12 Tr VND",
    "link": "https://careerviet.vn/vi/tim-viec-lam/ke-toan-vien.35C62CFF.html",
    "logo": "https://static.careerviet.vn/themes/kiemviecv32/images/graphics/blank.gif"
  },
  {
    "title": "Chuyên viên Kiểm soát nhiễm khuẩn - Vinmec Phú Quốc(MỚI)",
    "company": "Công ty CP Bệnh Viện Đa Khoa Quốc Tế Vinmec",
    "location": "Kiên Giang",
    "salary": "Lương: Cạnh Tranh",
    "link": "https://careerviet.vn/vi/tim-viec-lam/chuyen-vien-kiem-soat-nhiem-khuan-vinmec-phu-quoc.35C62CFD.html",
    "logo": "https://static.careerviet.vn/themes/kiemviecv32/images/graphics/blank.gif"
  },
  {
    "title": "Chuyên viên Kế hoạch tổng hợp - Vinmec Phú Quốc(MỚI)",
    "company": "Công ty CP Bệnh Viện Đa Khoa Quốc Tế Vinmec",
    "location": "Kiên Giang",
    "salary": "Lương: Cạnh Tranh",
    "link": "https://careerviet.vn/vi/tim-viec-lam/chuyen-vien-ke-hoach-tong-hop-vinmec-phu-quoc.35C62CF6.html",
    "logo": "https://static.careerviet.vn/themes/kiemviecv32/images/graphics/blank.gif"
  },
  {
    "title": "Kế toán kho (Bình Dương)(MỚI)",
    "company": "Viet Thai International",
    "location": "Bình Dương",
    "salary": "Lương: Cạnh Tranh",
    "link": "https://careerviet.vn/vi/tim-viec-lam/ke-toan-kho-binh-duong.35C60873.html",
    "logo": "https://static.careerviet.vn/themes/kiemviecv32/images/graphics/blank.gif"
  },
  {
    "title": "NHÂN VIÊN QA BIẾT TIẾNG NHẬT(MỚI)",
    "company": "CÔNG TY TRÁCH NHIỆM HỮU HẠN SÀI GÒN PRECISION",
    "location": "Hồ Chí Minh",
    "salary": "Lương: Cạnh Tranh",
    "link": "https://careerviet.vn/vi/tim-viec-lam/nhan-vien-qa-biet-tieng-nhat.35C62CE8.html",
    "logo": "https://static.careerviet.vn/themes/kiemviecv32/images/graphics/blank.gif"
  },
  {
    "title": "Thư ký Chuyên môn Phiên dịch - Vinmec Phú Quốc(MỚI)",
    "company": "Công ty CP Bệnh Viện Đa Khoa Quốc Tế Vinmec",
    "location": "Kiên Giang",
    "salary": "Lương: Cạnh Tranh",
    "link": "https://careerviet.vn/vi/tim-viec-lam/thu-ky-chuyen-mon-phien-dich-vinmec-phu-quoc.35C62CE6.html",
    "logo": "https://static.careerviet.vn/themes/kiemviecv32/images/graphics/blank.gif"
  }
]