[
  {
    "confidence": "medium",
    "count": 50,
    "sampleHTML": "<div class=\"job-item \" id=\"job-item-35C62DBE\"><div class=\"figure\"><div class=\"asset-wrapper\"><div class=\"image\"><a target=\"_blank\" href=\"https://careerviet.vn/vi/nha-tuyen-dung/cong-ty-co-phan-chung-khoan-vps.35AA176E.html\" title=\"công ty cổ phần chứng khoán VPS\"><img class=\"lazy-img\" data-src=\"https://static.careerviet.vn/themes/kiemviecv32/images/graphics/logo-default.png\" src=\"../kiemviecv32/images/graphics/blank.gif\" alt=\"công ty cổ phần chứng khoán VPS\"></a></div><div class=\"icon-robot-ai d",
    "selector": ".job-item",
    "type": "class"
  },
  {
    "confidence": "low",
    "count": 50,
    "sampleHTML": "<div class=\"job-item \" id=\"job-item-35C62DBE\"><div class=\"figure\"><div class=\"asset-wrapper\"><div class=\"image\"><a target=\"_blank\" href=\"https://careerviet.vn/vi/nha-tuyen-dung/cong-ty-co-phan-chung-khoan-vps.35AA176E.html\" title=\"công ty cổ phần chứng khoán VPS\"><img class=\"lazy-img\" data-src=\"https://static.careerviet.vn/themes/kiemviecv32/images/graphics/logo-default.png\" src=\"../kiemviecv32/images/graphics/blank.gif\" alt=\"công ty cổ phần chứng khoán VPS\"></a></div><div class=\"icon-robot-ai d",
    "selector": "[class*=\"job-item\"]",
    "type": "attribute"
  },
  {
    "confidence": "medium",
    "count": 7,
    "level": 7,
    "sampleHTML": "\n                        <li class=\"dropdown\">\n                            <a tabindex=\"0\" role=\"button\" title=\"Tìm Việc Làm\">\n                                Tìm Việc Làm\n                            </a>\n                            <div class=\"dropdown-menu setWidth\">\n                                <div class=\"col-12 row Cate-SearchJob\">\n                                    <div class=\"col-sm-3 mb-0\">\n                                        <div class=\"block\">\n                                  ",
    "selector": ".menu > *"
  },
  {
    "confidence": "medium",
    "count": 4,
    "level": 1,
    "sampleHTML": "\n                                                <li><a href=\"https://careerviet.vn/viec-lam/tat-ca-viec-lam-vi.html\" title=\"Việc làm mới nhất\">Việc làm mới nhất</a></li>\n                                                <li><a href=\"https://careerviet.vn/viec-lam/muc-luong-20trvnd-s20-vi.html\" title=\"Việc làm Vip (1000$)\">Việc làm Vip (1000$)</a></li>\n                                                <li><a href=\"https://careerviet.vn/top-headhunt?utm_source=Home_TopHeadhunt&amp;utm_medium=TopHeadh",
    "selector": "ul > *"
  }
]